Year,Month,Plot_Large,Plot,Code,Amount,Sp_C,Ha_C,Family,Conser
2018,11,E,E1,ece,5,黃頭鷺,岸邊,鷺科,0
2018,11,F,F2,lieg,4,小白鷺,草叢,鷺科,0
2018,11,F,F2,lieg,3,小白鷺,岸邊,鷺科,0
2018,11,F,F2,ece,2,黃頭鷺,岸邊,鷺科,0
2018,11,F,F2,bcnh,3,夜鷺,岸邊,鷺科,0
2018,11,F,F2,bcnh,1,夜鷺,岸邊,鷺科,0
2018,11,F,F1,lieg,2,小白鷺,草叢,鷺科,0
2018,11,D,D2,ece,35,黃頭鷺,樹上,鷺科,0
2018,11,D,D2,bws,80,高蹺鴴,草叢,長腳鷸科,0
2018,11,D,D2,masa,2,小青足鷸,草叢,鷸科,0
2018,11,D,D2,lieg,2,小白鷺,草叢,鷺科,0
2018,11,D,D1,grhe,350,蒼鷺,草叢,鷺科,0
2018,11,D,D1,grhe,49,蒼鷺,岸邊,鷺科,0
2018,11,D,D1,greg,50,大白鷺,草叢,鷺科,0
2018,11,D,D1,greg,14,大白鷺,岸邊,鷺科,0
2018,11,D,D1,lieg,3,小白鷺,草叢,鷺科,0
2018,11,D,D3,btg,1,黑尾鷸,草叢,鷸科,III
2018,11,D,D3,bfs,31,黑面琵鷺,草叢,䴉科,I
2018,11,D,D3,greg,20,大白鷺,草叢,鷺科,0
2018,11,D,D3,greg,7,大白鷺,岸邊,鷺科,0
2018,11,D,D3,grhe,3,蒼鷺,草叢,鷺科,0
2018,11,D,D3,grhe,3,蒼鷺,岸邊,鷺科,0
2018,11,D,D3,lieg,60,小白鷺,草叢,鷺科,0
2018,11,D,D3,lieg,22,小白鷺,岸邊,鷺科,0
2018,11,A,A1,saib,70,埃及聖䴉,岸邊,䴉科,0
2018,11,A,A1,bfs,7,黑面琵鷺,草叢,䴉科,I
2018,11,A,A1,grhe,30,蒼鷺,草叢,鷺科,0
2018,11,A,A1,grhe,150,蒼鷺,岸邊,鷺科,0
2018,11,A,A1,greg,350,大白鷺,草叢,鷺科,0
2018,11,A,A1,greg,250,大白鷺,岸邊,鷺科,0
2018,11,A,A1,lieg,860,小白鷺,草叢,鷺科,0
2018,11,A,A1,lieg,500,小白鷺,岸邊,鷺科,0
2018,11,A,A2,saib,120,埃及聖䴉,岸邊,䴉科,0
2018,11,A,A2,bfs,2,黑面琵鷺,草叢,䴉科,I
2018,11,A,A2,grhe,100,蒼鷺,草叢,鷺科,0
2018,11,A,A2,grhe,250,蒼鷺,岸邊,鷺科,0
2018,11,A,A2,greg,30,大白鷺,草叢,鷺科,0
2018,11,A,A2,greg,20,大白鷺,岸邊,鷺科,0
2018,11,A,A2,lieg,300,小白鷺,草叢,鷺科,0
2018,11,A,A2,lieg,550,小白鷺,岸邊,鷺科,0
2018,11,B,B,bfs,2,黑面琵鷺,草叢,䴉科,I
2018,11,B,B,lieg,20,小白鷺,草叢,鷺科,0
2018,11,B,B,lieg,5,小白鷺,岸邊,鷺科,0
2018,11,B,B,greg,15,大白鷺,草叢,鷺科,0
2018,11,B,B,greg,10,大白鷺,岸邊,鷺科,0
2018,11,C,C,saib,2,埃及聖䴉,草叢,䴉科,0
2018,11,C,C,greg,10,大白鷺,岸邊,鷺科,0
2018,11,C,C,greg,3,大白鷺,草叢,鷺科,0
2018,11,C,C,lieg,25,小白鷺,草叢,鷺科,0
2018,11,C,C,lieg,10,小白鷺,岸邊,鷺科,0
2018,11,E,E1,cogr,8,青足鷸,岸邊,鷸科,0
2018,11,E,E1,masa,40,小青足鷸,草叢,鷸科,0
2018,11,E,E1,masa,10,小青足鷸,岸邊,鷸科,0
2018,11,E,E1,kepl,100,東方環頸鴴,草叢,鴴科,0
2018,11,E,E1,kepl,20,東方環頸鴴,岸邊,鴴科,0
2018,11,E,E1,dunl,100,黑腹濱鷸,草叢,鷸科,0
2018,11,E,E1,dunl,30,黑腹濱鷸,岸邊,鷸科,0
2018,11,E,E1,pgp,25,太平洋金斑鴴,草叢,鴴科,0
2018,11,E,E1,saib,22,埃及聖䴉,岸邊,䴉科,0
2018,11,E,E1,gwt,18,小水鴨,水域,雁鴨科,0
2018,11,E,E1,grhe,2,蒼鷺,岸邊,鷺科,0
2018,11,E,E1,greg,2,大白鷺,岸邊,鷺科,0
2018,11,E,E1,eyw,2,東方黃鶺鴒,岸邊,鶺鴒科,0
2018,11,E,E1,paswa,10,洋燕,天空,燕科,0
2018,11,E,E1,bws,18,高蹺鴴,草叢,長腳鷸科,0
2018,11,E,E1,rns,90,紅胸濱鷸,草叢,鷸科,0
2018,11,E,E1,lieg,5,小白鷺,草叢,鷺科,0
2018,11,E,E2,cogr,40,青足鷸,草叢,鷸科,0
2018,11,E,E2,cogr,30,青足鷸,岸邊,鷸科,0
2018,11,E,E2,masa,23,小青足鷸,草叢,鷸科,0
2018,11,E,E2,masa,40,小青足鷸,岸邊,鷸科,0
2018,11,E,E2,bcnh,89,夜鷺,草叢,鷺科,0
2018,11,E,E2,kepl,90,東方環頸鴴,草叢,鴴科,0
2018,11,E,E2,dunl,40,黑腹濱鷸,草叢,鷸科,0
2018,11,E,E2,pgp,5,太平洋金斑鴴,草叢,鴴科,0
2018,11,E,E2,saib,50,埃及聖䴉,草叢,䴉科,0
2018,11,E,E2,saib,34,埃及聖䴉,岸邊,䴉科,0
2018,11,E,E2,gwt,35,小水鴨,水域,雁鴨科,0
2018,11,E,E2,grhe,20,蒼鷺,草叢,鷺科,0
2018,11,E,E2,grhe,42,蒼鷺,岸邊,鷺科,0
2018,11,E,E2,greg,89,大白鷺,草叢,鷺科,0
2018,11,E,E2,greg,30,大白鷺,草叢,鷺科,0
2018,11,E,E2,bws,150,高蹺鴴,岸邊,長腳鷸科,0
2018,11,E,E2,piav,69,反嘴鴴,草叢,長腳鷸科,0
2018,11,E,E2,bfs,6,黑面琵鷺,岸邊,䴉科,I
2018,11,E,E2,bfs,2,黑面琵鷺,草叢,䴉科,I
2018,11,E,E2,eusp,1,白琵鷺,草叢,䴉科,II
2018,11,E,E2,lieg,50,小白鷺,草叢,鷺科,0
2018,11,E,E2,lieg,20,小白鷺,岸邊,鷺科,0
2018,11,E,E2,ece,6,黃頭鷺,草叢,鷺科,0
2018,11,E,E2,ece,3,黃頭鷺,岸邊,鷺科,0
2018,11,E,E2,ruff,9,流蘇鷸,草叢,鷸科,0
2018,10,D,D1,bfs,30,黑面琵鷺,岸邊,䴉科,I
2018,10,D,D1,bfs,12,黑面琵鷺,草叢,䴉科,I
2018,10,D,D1,bws,10,高蹺鴴,岸邊,長腳鷸科,0
2018,10,D,D1,bws,60,高蹺鴴,水域,長腳鷸科,0
2018,10,D,D1,bws,32,高蹺鴴,草叢,長腳鷸科,0
2018,10,D,D1,grhe,120,蒼鷺,岸邊,鷺科,0
2018,10,D,D1,grhe,60,蒼鷺,水域,鷺科,0
2018,10,D,D1,grhe,24,蒼鷺,草叢,鷺科,0
2018,10,D,D1,lieg,6,小白鷺,岸邊,鷺科,0
2018,10,D,D1,lieg,6,小白鷺,水域,鷺科,0
2018,10,D,D1,greg,14,大白鷺,岸邊,鷺科,0
2018,10,D,D1,greg,30,大白鷺,水域,鷺科,0
2018,10,D,D1,greg,10,大白鷺,草叢,鷺科,0
2018,10,D,D1,whte,200,黑腹燕鷗,岸邊,鷗科,0
2018,10,D,D1,whte,90,黑腹燕鷗,草叢,鷗科,0
2018,10,D,D1,cogr,2,青足鷸,岸邊,鷸科,0
2018,10,D,D1,cogr,3,青足鷸,草叢,鷸科,0
2018,10,D,D1,masa,1,小青足鷸,岸邊,鷸科,0
2018,10,D,D1,masa,1,小青足鷸,草叢,鷸科,0
2018,10,D,D1,pgp,5,太平洋金斑鴴,岸邊,鴴科,0
2018,10,D,D1,whte,10,黑腹燕鷗,天空,鷗科,0
2018,10,C,C,bws,5,高蹺鴴,岸邊,長腳鷸科,0
2018,10,C,C,bws,140,高蹺鴴,水域,長腳鷸科,0
2018,10,C,C,bws,30,高蹺鴴,草叢,長腳鷸科,0
2018,10,C,C,piav,30,反嘴鴴,草叢,長腳鷸科,0
2018,10,C,C,btg,1,黑尾鷸,水域,鷸科,III
2018,10,C,C,masa,7,小青足鷸,水域,鷸科,0
2018,10,C,C,masa,2,小青足鷸,草叢,鷸科,0
2018,10,C,C,cogr,6,青足鷸,水域,鷸科,0
2018,10,C,C,pgp,2,太平洋金斑鴴,岸邊,鴴科,0
2018,10,C,C,pgp,4,太平洋金斑鴴,水域,鴴科,0
2018,10,C,C,wosa,9,鷹斑鷸,水域,鷸科,0
2018,10,C,C,basw,5,家燕,天空,燕科,0
2018,10,C,C,lieg,8,小白鷺,岸邊,鷺科,0
2018,10,C,C,lieg,2,小白鷺,水域,鷺科,0
2018,10,C,C,saib,10,埃及聖䴉,岸邊,䴉科,0
2018,10,C,C,saib,10,埃及聖䴉,水域,䴉科,0
2018,10,C,C,eyw,1,東方黃鶺鴒,岸邊,鶺鴒科,0
2018,10,C,C,greg,2,大白鷺,岸邊,鷺科,0
2018,10,C,C,grhe,2,蒼鷺,岸邊,鷺科,0
2018,10,C,C,greg,1,大白鷺,水域,鷺科,0
2018,10,F,F2,saib,1,埃及聖䴉,岸邊,䴉科,0
2018,10,F,F2,greg,25,大白鷺,岸邊,鷺科,0
2018,10,F,F2,greg,20,大白鷺,水域,鷺科,0
2018,10,F,F2,greg,5,大白鷺,草叢,鷺科,0
2018,10,F,F2,bws,5,高蹺鴴,岸邊,長腳鷸科,0
2018,10,F,F2,bws,4,高蹺鴴,草叢,長腳鷸科,0
2018,10,F,F2,lieg,10,小白鷺,岸邊,鷺科,0
2018,10,F,F2,lieg,20,小白鷺,水域,鷺科,0
2018,10,F,F2,grhe,5,蒼鷺,岸邊,鷺科,0
2018,10,F,F2,grhe,4,蒼鷺,草叢,鷺科,0
2018,10,F,F1,lieg,20,小白鷺,岸邊,鷺科,0
2018,10,F,F1,lieg,10,小白鷺,水域,鷺科,0
2018,10,F,F1,lieg,10,小白鷺,樹上,鷺科,0
2018,10,F,F1,greg,5,大白鷺,岸邊,鷺科,0
2018,10,F,F1,greg,10,大白鷺,水域,鷺科,0
2018,10,F,F1,grhe,5,蒼鷺,岸邊,鷺科,0
2018,10,F,F1,bws,3,高蹺鴴,水域,長腳鷸科,0
2018,10,F,F1,ece,15,黃頭鷺,樹上,鷺科,0
2018,10,B,B,saib,10,埃及聖䴉,岸邊,䴉科,0
2018,10,B,B,lieg,2,小白鷺,岸邊,鷺科,0
2018,10,B,B,lieg,2,小白鷺,水域,鷺科,0
2018,10,B,B,bws,4,高蹺鴴,水域,長腳鷸科,0
2018,10,B,B,bws,2,高蹺鴴,草叢,長腳鷸科,0
2018,10,B,B,whte,10,黑腹燕鷗,岸邊,鷗科,0
2018,10,B,B,whte,40,黑腹燕鷗,草叢,鷗科,0
2018,10,B,B,btg,11,黑尾鷸,水域,鷸科,III
2018,10,B,B,wosa,30,鷹斑鷸,水域,鷸科,0
2018,10,B,B,bws,10,高蹺鴴,岸邊,長腳鷸科,0
2018,10,B,B,bws,40,高蹺鴴,水域,長腳鷸科,0
2018,10,B,B,bws,10,高蹺鴴,草叢,長腳鷸科,0
2018,10,B,B,pgp,5,太平洋金斑鴴,岸邊,鴴科,0
2018,10,B,B,pgp,15,太平洋金斑鴴,水域,鴴科,0
2018,10,B,B,cogr,4,青足鷸,水域,鷸科,0
2018,10,B,B,masa,2,小青足鷸,水域,鷸科,0
2018,10,B,B,whte,500,黑腹燕鷗,岸邊,鷗科,0
2018,10,B,B,whte,200,黑腹燕鷗,草叢,鷗科,0
2018,10,B,B,piav,8,反嘴鴴,水域,長腳鷸科,0
2018,10,B,B,core,1,赤足鷸,岸邊,鷸科,0
2018,10,B,B,core,25,赤足鷸,水域,鷸科,0
2018,10,E,E2,greg,20,大白鷺,岸邊,鷺科,0
2018,10,E,E2,greg,11,大白鷺,水域,鷺科,0
2018,10,E,E2,greg,20,大白鷺,草叢,鷺科,0
2018,10,E,E2,ligr,8,小鸊鷉,水域,鸊鷉科,0
2018,10,E,E2,saib,250,埃及聖䴉,岸邊,䴉科,0
2018,10,E,E2,saib,100,埃及聖䴉,水域,䴉科,0
2018,10,E,E2,saib,51,埃及聖䴉,草叢,䴉科,0
2018,10,E,E2,bws,13,高蹺鴴,岸邊,長腳鷸科,0
2018,10,E,E2,bws,40,高蹺鴴,水域,長腳鷸科,0
2018,10,E,E2,bws,30,高蹺鴴,草叢,長腳鷸科,0
2018,10,E,E2,bcnh,2,夜鷺,岸邊,鷺科,0
2018,10,E,E2,caeg,10,黃頭鷺,草叢,鷺科,0
2018,10,E,E2,lieg,10,小白鷺,岸邊,鷺科,0
2018,10,E,E2,lieg,10,小白鷺,草叢,鷺科,0
2018,10,E,E2,ineg,5,中白鷺,草叢,鷺科,0
2018,10,E,E2,grhe,13,蒼鷺,岸邊,鷺科,0
2018,10,E,E2,grhe,10,蒼鷺,水域,鷺科,0
2018,10,E,E2,grhe,20,蒼鷺,草叢,鷺科,0
2018,10,E,E2,piav,13,反嘴鴴,水域,長腳鷸科,0
2018,10,E,E2,cogr,2,青足鷸,草叢,鷸科,0
2018,10,E,E2,masa,4,小青足鷸,草叢,鷸科,0
2018,10,E,E2,whte,30,黑腹燕鷗,天空,鷗科,0
2018,10,E,E1,greg,17,大白鷺,岸邊,鷺科,0
2018,10,E,E1,greg,30,大白鷺,草叢,鷺科,0
2018,10,E,E1,bwt,4,小水鴨,岸邊,雁鴨科,0
2018,10,E,E1,core,2,赤足鷸,水域,鷸科,0
2018,10,E,E1,core,8,赤足鷸,草叢,鷸科,0
2018,10,E,E1,whte,500,黑腹燕鷗,岸邊,鷗科,0
2018,10,E,E1,whte,500,黑腹燕鷗,水域,鷗科,0
2018,10,E,E1,whte,160,黑腹燕鷗,草叢,鷗科,0
2018,10,E,E1,whte,25,黑腹燕鷗,天空,鷗科,0
2018,10,E,E1,lite,10,小燕鷗,岸邊,鷗科,II
2018,10,E,E1,lite,5,小燕鷗,天空,鷗科,II
2018,10,E,E1,lite,20,小燕鷗,草叢,鷗科,II
2018,10,E,E1,saib,4,埃及聖䴉,水域,䴉科,0
2018,10,E,E1,lieg,2,小白鷺,岸邊,鷺科,0
2018,10,E,E1,lieg,2,小白鷺,草叢,鷺科,0
2018,10,E,E1,grhe,14,蒼鷺,岸邊,鷺科,0
2018,10,E,E1,grhe,2,蒼鷺,草叢,鷺科,0
2018,10,E,E1,pgp,10,太平洋金斑鴴,岸邊,鴴科,0
2018,10,E,E1,pgp,5,太平洋金斑鴴,水域,鴴科,0
2018,10,E,E1,pgp,5,太平洋金斑鴴,草叢,鴴科,0
2018,10,E,E1,masa,1,小青足鷸,水域,鷸科,0
2018,10,E,E1,masa,4,小青足鷸,草叢,鷸科,0
2018,10,E,E1,cogr,2,青足鷸,草叢,鷸科,0
2018,10,E,E1,lite,30,小燕鷗,岸邊,鷗科,II
2018,10,E,E1,lite,10,小燕鷗,水域,鷗科,II
2018,10,E,E1,wosa,4,鷹斑鷸,岸邊,鷸科,0
2018,10,E,E1,cosa,2,磯鷸,草叢,鷸科,0
2018,10,D,D2,eyw,1,東方黃鶺鴒,樹上,鶺鴒科,0
2018,10,D,D2,rcd,5,紅鳩,樹上,鳩鴿科,0
2018,10,D,D2,coki,1,翠鳥,河道,翠鳥科,0
2018,10,D,D2,whte,15,黑腹燕鷗,天空,鷗科,0
2018,10,D,D2,lite,15,小燕鷗,岸邊,鷗科,II
2018,10,D,D2,lieg,5,小白鷺,岸邊,鷺科,0
2018,10,D,D2,lieg,5,小白鷺,水域,鷺科,0
2018,10,D,D2,lieg,3,小白鷺,草叢,鷺科,0
2018,10,D,D2,greg,10,大白鷺,岸邊,鷺科,0
2018,10,D,D2,greg,5,大白鷺,水域,鷺科,0
2018,10,D,D2,greg,4,大白鷺,草叢,鷺科,0
2018,10,D,D2,grhe,62,蒼鷺,岸邊,鷺科,0
2018,10,D,D2,grhe,18,蒼鷺,水域,鷺科,0
2018,10,D,D2,grhe,10,蒼鷺,草叢,鷺科,0
2018,10,D,D2,caeg,2,黃頭鷺,樹上,鷺科,0
2018,10,D,D2,caeg,2,黃頭鷺,草叢,鷺科,0
2018,10,D,D2,bws,11,高蹺鴴,岸邊,長腳鷸科,0
2018,10,D,D2,bws,40,高蹺鴴,水域,長腳鷸科,0
2018,10,D,D2,bws,90,高蹺鴴,草叢,長腳鷸科,0
2018,10,D,D2,whte,200,黑腹燕鷗,岸邊,鷗科,0
2018,10,D,D2,whte,180,黑腹燕鷗,水域,鷗科,0
2018,10,D,D2,whte,200,黑腹燕鷗,草叢,鷗科,0
2018,10,D,D2,cate,1,裏海燕鷗,水域,鷗科,0
2018,10,D,D2,pgp,21,太平洋金斑鴴,岸邊,鴴科,0
2018,10,D,D2,cogr,5,青足鷸,岸邊,鷸科,0
2018,10,D,D2,pgp,10,太平洋金斑鴴,草叢,鴴科,0
2018,10,D,D2,cogr,10,青足鷸,水域,鷸科,0
2018,10,D,D2,cogr,7,青足鷸,草叢,鷸科,0
2018,10,D,D2,basw,10,家燕,天空,燕科,0
2018,10,A,A2,bws,150,高蹺鴴,岸邊,長腳鷸科,0
2018,10,A,A2,bws,50,高蹺鴴,草叢,長腳鷸科,0
2018,10,A,A2,bws,500,高蹺鴴,水域,長腳鷸科,0
2018,10,A,A2,pgp,15,太平洋金斑鴴,岸邊,鴴科,0
2018,10,A,A2,pgp,1,太平洋金斑鴴,草叢,鴴科,0
2018,10,A,A2,pgp,10,太平洋金斑鴴,水域,鴴科,0
2018,10,A,A2,lieg,15,小白鷺,草叢,鷺科,0
2018,10,A,A2,lieg,10,小白鷺,水域,鷺科,0
2018,10,A,A2,greg,10,大白鷺,水域,鷺科,0
2018,10,A,A2,btg,1,黑尾鷸,岸邊,鷸科,III
2018,10,A,A2,whte,50,黑腹燕鷗,岸邊,鷗科,0
2018,10,A,A2,whte,20,黑腹燕鷗,水域,鷗科,0
2018,10,A,A2,lite,5,小燕鷗,岸邊,鷗科,II
2018,10,A,A2,kepl,15,東方環頸鴴,岸邊,鴴科,0
2018,10,A,A1,lieg,2,小白鷺,岸邊,鷺科,0
2018,10,A,A1,lieg,25,小白鷺,草叢,鷺科,0
2018,10,A,A1,lieg,50,小白鷺,水域,鷺科,0
2018,10,A,A1,greg,20,大白鷺,草叢,鷺科,0
2018,10,A,A1,greg,20,大白鷺,水域,鷺科,0
2018,10,A,A1,grhe,3,蒼鷺,草叢,鷺科,0
2018,10,A,A1,grhe,2,蒼鷺,水域,鷺科,0
2018,10,A,A1,whte,10,黑腹燕鷗,天空,鷗科,0
2018,10,D,D3,ligr,25,小鸊鷉,水域,鸊鷉科,0
2018,10,D,D3,bws,20,高蹺鴴,水域,長腳鷸科,0
2018,10,D,D3,bws,25,高蹺鴴,岸邊,長腳鷸科,0
2018,10,D,D3,greg,15,大白鷺,水域,鷺科,0
2018,10,D,D3,greg,20,大白鷺,岸邊,鷺科,0
2018,10,D,D3,grhe,15,蒼鷺,水域,鷺科,0
2018,10,D,D3,grhe,10,蒼鷺,岸邊,鷺科,0
2018,9,F,F1,whte,1,黑腹燕鷗,天空,鷗科,0
2018,9,F,F1,ece,2,黃頭鷺,岸邊,鷺科,0
2018,9,F,F1,eyw,1,東方黃鶺鴒,岸邊,鶺鴒科,0
2018,9,F,F1,lieg,2,小白鷺,草叢,鷺科,0
2018,9,F,F1,ets,6,麻雀,人工棲地,麻雀科,0
2018,9,F,F2,ineg,1,中白鷺,草叢,鷺科,0
2018,9,F,F2,lieg,2,小白鷺,岸邊,鷺科,0
2018,9,F,F2,lieg,2,小白鷺,草叢,鷺科,0
2018,9,F,F2,grhe,1,蒼鷺,岸邊,鷺科,0
2018,9,F,F2,basw,2,家燕,天空,燕科,0
2018,9,F,F2,plpr,1,灰頭鷦鶯,岸邊,扇尾鶯科,0
2018,9,F,F2,rcd,2,紅鳩,天空,鳩鴿科,0
2018,9,F,F2,comy,1,家八哥,人工棲地,八哥科,0
2018,9,D,D2,ece,42,黃頭鷺,樹上,鷺科,0
2018,9,D,D2,ece,7,黃頭鷺,水域,鷺科,0
2018,9,D,D2,grhe,10,蒼鷺,樹上,鷺科,0
2018,9,D,D2,grhe,30,蒼鷺,草叢,鷺科,0
2018,9,D,D2,grhe,15,蒼鷺,草叢,鷺科,0
2018,9,D,D2,ligr,2,小鸊鷉,水域,鸊鷉科,0
2018,9,D,D2,saib,4,埃及聖䴉,樹上,䴉科,0
2018,9,D,D2,saib,60,埃及聖䴉,草叢,䴉科,0
2018,9,D,D2,ineg,7,中白鷺,樹上,鷺科,0
2018,9,D,D2,ineg,10,中白鷺,草叢,鷺科,0
2018,9,D,D2,ineg,5,中白鷺,草叢,鷺科,0
2018,9,D,D2,greg,14,大白鷺,樹上,鷺科,0
2018,9,D,D2,greg,100,大白鷺,草叢,鷺科,0
2018,9,D,D2,greg,15,大白鷺,草叢,鷺科,0
2018,9,D,D2,bcnh,15,夜鷺,樹上,鷺科,0
2018,9,D,D2,bcnh,15,夜鷺,草叢,鷺科,0
2018,9,D,D2,spdo,2,珠頸斑鳩,樹上,鳩鴿科,0
2018,9,D,D2,plpr,1,灰頭鷦鶯,岸邊,扇尾鶯科,0
2018,9,D,D2,jwe,10,綠繡眼,樹上,繡眼科,0
2018,9,D,D2,eyw,4,東方黃鶺鴒,岸邊,鶺鴒科,0
2018,9,D,D2,bws,15,高蹺鴴,草叢,長腳鷸科,0
2018,9,D,D2,wosa,1,鷹斑鷸,河道,鷸科,0
2018,9,D,D2,pgp,1,太平洋金斑鴴,草叢,鴴科,0
2018,9,D,D1,grhe,15,蒼鷺,草叢,鷺科,0
2018,9,D,D1,grhe,10,蒼鷺,岸邊,鷺科,0
2018,9,D,D1,lieg,15,小白鷺,草叢,鷺科,0
2018,9,D,D1,lieg,10,小白鷺,岸邊,鷺科,0
2018,9,D,D1,bcnh,6,夜鷺,草叢,鷺科,0
2018,9,D,D1,bcnh,4,夜鷺,岸邊,鷺科,0
2018,9,D,D1,bws,5,高蹺鴴,草叢,長腳鷸科,0
2018,9,D,D1,bws,5,高蹺鴴,草叢,長腳鷸科,0
2018,9,D,D1,bws,10,高蹺鴴,岸邊,長腳鷸科,0
2018,9,D,D1,greg,4,大白鷺,草叢,鷺科,0
2018,9,D,D1,greg,5,大白鷺,岸邊,鷺科,0
2018,9,D,D1,whte,6,黑腹燕鷗,天空,鷗科,0
2018,9,D,D3,grhe,3,蒼鷺,草叢,鷺科,0
2018,9,D,D3,grhe,3,蒼鷺,岸邊,鷺科,0
2018,9,D,D3,lieg,8,小白鷺,草叢,鷺科,0
2018,9,D,D3,lieg,4,小白鷺,岸邊,鷺科,0
2018,9,D,D3,bcnh,1,夜鷺,草叢,鷺科,0
2018,9,D,D3,bws,5,高蹺鴴,草叢,長腳鷸科,0
2018,9,D,D3,greg,4,大白鷺,草叢,鷺科,0
2018,9,D,D3,whte,10,黑腹燕鷗,天空,鷗科,0
2018,9,A,A1,lieg,6,小白鷺,草叢,鷺科,0
2018,9,A,A1,greg,2,大白鷺,岸邊,鷺科,0
2018,9,A,A1,greg,2,大白鷺,草叢,鷺科,0
2018,9,A,A1,grhe,2,蒼鷺,岸邊,鷺科,0
2018,9,A,A1,grhe,4,蒼鷺,草叢,鷺科,0
2018,9,A,A1,bws,2,高蹺鴴,草叢,長腳鷸科,0
2018,9,A,A2,ligr,4,小鸊鷉,水域,鸊鷉科,0
2018,9,A,A2,lieg,2,小白鷺,岸邊,鷺科,0
2018,9,A,A2,lieg,2,小白鷺,草叢,鷺科,0
2018,9,A,A2,grhe,3,蒼鷺,岸邊,鷺科,0
2018,9,A,A2,greg,1,大白鷺,草叢,鷺科,0
2018,9,A,A2,grhe,2,蒼鷺,岸邊,鷺科,0
2018,9,A,A2,bws,1,高蹺鴴,草叢,長腳鷸科,0
2018,9,E,E1,basw,4,家燕,天空,燕科,0
2018,9,E,E1,lieg,1,小白鷺,草叢,鷺科,0
2018,9,E,E1,lieg,5,小白鷺,岸邊,鷺科,0
2018,9,E,E1,bws,10,高蹺鴴,草叢,長腳鷸科,0
2018,9,E,E1,bws,10,高蹺鴴,岸邊,長腳鷸科,0
2018,9,E,E1,whte,10,黑腹燕鷗,岸邊,鷗科,0
2018,9,E,E1,grhe,10,蒼鷺,草叢,鷺科,0
2018,9,E,E1,grhe,15,蒼鷺,岸邊,鷺科,0
2018,9,E,E1,bcnh,2,夜鷺,岸邊,鷺科,0
2018,9,E,E1,greg,2,大白鷺,草叢,鷺科,0
2018,9,E,E2,lieg,10,小白鷺,草叢,鷺科,0
2018,9,E,E2,lieg,10,小白鷺,岸邊,鷺科,0
2018,9,E,E2,bws,10,高蹺鴴,草叢,長腳鷸科,0
2018,9,E,E2,bws,5,高蹺鴴,岸邊,長腳鷸科,0
2018,9,E,E2,whte,20,黑腹燕鷗,天空,鷗科,0
2018,9,E,E2,grhe,5,蒼鷺,草叢,鷺科,0
2018,9,E,E2,grhe,10,蒼鷺,岸邊,鷺科,0
2018,9,E,E2,bcnh,2,夜鷺,岸邊,鷺科,0
2018,9,E,E2,greg,2,大白鷺,草叢,鷺科,0
2018,9,E,E2,greg,1,大白鷺,岸邊,鷺科,0
2018,9,B,B,whte,20,黑腹燕鷗,岸邊,鷗科,0
2018,9,B,B,grhe,15,蒼鷺,岸邊,鷺科,0
2018,9,B,B,greg,1,大白鷺,岸邊,鷺科,0
2018,9,B,B,lieg,2,小白鷺,岸邊,鷺科,0
2018,9,B,B,bws,7,高蹺鴴,岸邊,長腳鷸科,0
2018,9,B,B,ligr,2,小鸊鷉,水域,鸊鷉科,0
2018,9,B,B,cosa,1,磯鷸,草叢,鷸科,0
2018,9,B,B,lite,2,小燕鷗,天空,鷗科,II
2018,9,C,C,whte,4,黑腹燕鷗,岸邊,鷗科,0
2018,9,C,C,grhe,15,蒼鷺,岸邊,鷺科,0
2018,9,C,C,grhe,2,蒼鷺,草叢,鷺科,0
2018,9,C,C,greg,4,大白鷺,岸邊,鷺科,0
2018,9,C,C,lieg,10,小白鷺,岸邊,鷺科,0
2018,9,C,C,bws,20,高蹺鴴,岸邊,長腳鷸科,0
2018,9,C,C,bws,10,高蹺鴴,草叢,長腳鷸科,0
2018,8,F,F2,,1,黃小鷺,草叢,鷺科,0
2018,8,F,F2,,7,中白鷺,草叢,鷺科,0
2018,8,F,F2,,5,小白鷺,水域,鷺科,0
2018,8,F,F2,,6,小白鷺,岸邊,鷺科,0
2018,8,F,F2,,8,小白鷺,樹上,鷺科,0
2018,8,F,F2,,3,高蹺鴴,水域,長腳鷸科,0
2018,8,F,F2,,15,大白鷺,草叢,鷺科,0
2018,8,F,F2,,3,大白鷺,水域,鷺科,0
2018,8,F,F2,,9,大白鷺,岸邊,鷺科,0
2018,8,F,F2,,1,中白鷺,草叢,鷺科,0
2018,8,F,F2,,4,夜鷺,草叢,鷺科,0
2018,8,F,F2,,1,夜鷺,水域,鷺科,0
2018,8,F,F2,,4,夜鷺,岸邊,鷺科,0
2018,8,F,F2,,5,麻雀,草叢,麻雀科,0
2018,8,F,F2,,1,蒼鷺,草叢,鷺科,0
2018,8,F,F2,,1,蒼鷺,水域,鷺科,0
2018,8,F,F1,,1,小白鷺,水域,鷺科,0
2018,8,F,F1,,11,大白鷺,草叢,鷺科,0
2018,8,F,F1,,2,大白鷺,水域,鷺科,0
2018,8,F,F1,,10,小白鷺,草叢,鷺科,0
2018,8,F,F1,,3,小白鷺,水域,鷺科,0
2018,8,F,F1,,11,夜鷺,草叢,鷺科,0
2018,8,F,F1,,3,夜鷺,水域,鷺科,0
2018,8,F,F1,,1,蒼鷺,草叢,鷺科,0
2018,8,F,F1,,3,小鸊鷉,水域,鸊鷉科,0
2018,8,F,F1,,2,黃小鷺,草叢,鷺科,0
2018,8,C,C,,4,小白鷺,水域,鷺科,0
2018,8,C,C,,2,小白鷺,岸邊,鷺科,0
2018,8,C,C,,4,小白鷺,草叢,鷺科,0
2018,8,C,C,,8,大白鷺,水域,鷺科,0
2018,8,C,C,,2,大白鷺,岸邊,鷺科,0
2018,8,C,C,,1,珠頸斑鳩,草叢,鳩鴿科,0
2018,8,C,C,,1,中白鷺,草叢,鷺科,0
2018,8,C,C,,1,中白鷺,岸邊,鷺科,0
2018,8,B,B,,8,蒼鷺,草叢,鷺科,0
2018,8,B,B,,4,蒼鷺,岸邊,鷺科,0
2018,8,B,B,,1,灰頭鷦鶯,草叢,扇尾鶯科,0
2018,8,B,B,,1,中白鷺,岸邊,鷺科,0
2018,8,B,B,,3,大白鷺,水域,鷺科,0
2018,8,B,B,,3,大白鷺,草叢,鷺科,0
2018,8,B,B,,15,麻雀,人工棲地,麻雀科,0
2018,8,A,A2,,2,白尾八哥,人工棲地,八哥科,0
2018,8,A,A2,,2,黑腹燕鷗,天空,鷗科,0
2018,8,A,A2,,3,小白鷺,水域,鷺科,0
2018,8,A,A2,,3,大白鷺,草叢,鷺科,0
2018,8,A,A2,,2,高蹺鴴,岸邊,長腳鷸科,0
2018,8,A,A2,,2,夜鷺,岸邊,鷺科,0
2018,8,A,A1,,3,黑腹燕鷗,水域,鷗科,0
2018,8,A,A1,,1,夜鷺,草叢,鷺科,0
2018,8,A,A1,,3,夜鷺,水域,鷺科,0
2018,8,A,A1,,1,小白鷺,草叢,鷺科,0
2018,8,A,A1,,10,麻雀,人工棲地,麻雀科,0
2018,8,E,E1,,2,黃頭鷺,草叢,鷺科,0
2018,8,E,E1,,4,小白鷺,草叢,鷺科,0
2018,8,E,E1,,10,大白鷺,草叢,鷺科,0
2018,8,E,E1,,3,中白鷺,草叢,鷺科,0
2018,8,E,E1,,23,蒼鷺,草叢,鷺科,0
2018,8,E,E1,,2,夜鷺,草叢,鷺科,0
2018,8,E,E1,,2,高蹺鴴,草叢,長腳鷸科,0
2018,8,E,E1,,2,磯鷸,草叢,鷸科,0
2018,8,E,E1,,2,黑腹燕鷗,草叢,鷗科,0
2018,8,D,D2,,1,棕扇尾鶯,草叢,扇尾鶯科,0
2018,8,D,D2,,1,灰頭鷦鶯,草叢,扇尾鶯科,0
2018,8,D,D2,,1,珠頸斑鳩,草叢,鳩鴿科,0
2018,8,D,D2,,1,大白鷺,草叢,鷺科,0
2018,8,D,D2,,1,黑腹燕鷗,草叢,鷗科,0
2018,8,D,D2,,2,蒼鷺,草叢,鷺科,0
2018,8,D,D2,,2,小白鷺,草叢,鷺科,0
2018,8,D,D2,,1,大白鷺,草叢,鷺科,0
2018,8,D,D2,,1,黑腹燕鷗,草叢,鷗科,0
2018,8,D,D2,,2,蒼鷺,草叢,鷺科,0
2018,8,E,E2,,2,黑腹燕鷗,天空,鷗科,0
2018,8,E,E2,,13,大白鷺,草叢,鷺科,0
2018,8,E,E2,,8,小白鷺,草叢,鷺科,0
2018,8,E,E2,,3,中白鷺,草叢,鷺科,0
2018,8,E,E2,,4,蒼鷺,草叢,鷺科,0
2018,8,D,D1,,1,小白鷺,樹上,鷺科,0
2018,8,D,D1,,1,小白鷺,草叢,鷺科,0
2018,8,D,D1,,7,黃頭鷺,樹上,鷺科,0
2018,8,D,D1,,1,蒼鷺,樹上,鷺科,0
2018,8,D,D1,,17,蒼鷺,草叢,鷺科,0
2018,8,D,D1,,1,黑腹燕鷗,草叢,鷗科,0
2018,8,D,D1,,2,大白鷺,草叢,鷺科,0
2018,8,D,D1,,2,高蹺鴴,草叢,長腳鷸科,0
2018,8,D,D3,,3,蒼鷺,水域,鷺科,0
2018,8,D,D3,,1,夜鷺,草叢,鷺科,0
2018,8,D,D3,,1,小白鷺,水域,鷺科,0
2018,7,D,D2,,1,棕背伯勞,樹上,伯勞科,0
2018,7,D,D2,,1,灰頭鷦鶯,草叢,扇尾鶯科,0
2018,7,D,D2,,12,小白鷺,水域,鷺科,0
2018,7,D,D2,,11,黑腹燕鷗,岸邊,鷗科,0
2018,7,D,D2,,10,黑腹燕鷗,水域,鷗科,0
2018,7,D,D2,,1,夜鷺,岸邊,鷺科,0
2018,7,D,D2,,2,家燕,天空,燕科,0
2018,7,D,D2,,1,中白鷺,岸邊,鷺科,0
2018,7,D,D2,,1,大白鷺,岸邊,鷺科,0
2018,7,D,D2,,1,大白鷺,水域,鷺科,0
2018,7,D,D2,,1,東方環頸鴴,岸邊,鴴科,0
2018,7,D,D2,,2,高蹺鴴,岸邊,長腳鷸科,0
2018,7,D,D2,,26,小燕鷗,岸邊,鷗科,II
2018,7,D,D2,,10,黃頭鷺,樹上,鷺科,0
2018,7,D,D2,,2,夜鷺,樹上,鷺科,0
2018,7,D,D2,,2,洋燕,天空,燕科,0
2018,7,D,D1,,1,夜鷺,岸邊,鷺科,0
2018,7,D,D1,,1,小白鷺,水域,鷺科,0
2018,7,D,D1,,2,中白鷺,岸邊,鷺科,0
2018,7,D,D1,,1,黃頭鷺,岸邊,鷺科,0
2018,7,D,D3,,2,小白鷺,岸邊,鷺科,0
2018,7,E,E1,,4,小白鷺,岸邊,鷺科,0
2018,7,E,E1,,15,小白鷺,水域,鷺科,0
2018,7,E,E1,,1,大白鷺,岸邊,鷺科,0
2018,7,E,E1,,4,大白鷺,水域,鷺科,0
2018,7,E,E1,,16,高蹺鴴,水域,長腳鷸科,0
2018,7,E,E1,,4,赤足鷸,水域,鷸科,0
2018,7,E,E1,,2,黑腹燕鷗,岸邊,鷗科,0
2018,7,E,E1,,2,黑腹燕鷗,天空,鷗科,0
2018,7,E,E1,,4,中白鷺,水域,鷺科,0
2018,7,E,E1,,3,中白鷺,草叢,鷺科,0
2018,7,E,E1,,3,夜鷺,水域,鷺科,0
2018,7,E,E1,,1,夜鷺,草叢,鷺科,0
2018,7,E,E1,,1,黃頭鷺,水域,鷺科,0
2018,7,E,E1,,1,褐頭鷦鶯,草叢,扇尾鶯科,0
2018,7,F,F2,,2,高蹺鴴,草叢,長腳鷸科,0
2018,7,F,F2,,1,小白鷺,草叢,鷺科,0
2018,7,F,F2,,1,中白鷺,草叢,鷺科,0
2018,7,F,F2,,3,黃頭鷺,草叢,鷺科,0
2018,7,F,F2,,1,灰頭鷦鶯,草叢,扇尾鶯科,0
2018,7,A,A2,,5,小白鷺,水域,鷺科,0
2018,7,A,A2,,2,大白鷺,水域,鷺科,0
2018,7,A,A2,,1,東方環頸鴴,岸邊,鴴科,0
2018,7,A,A2,,1,小環頸鴴,岸邊,鴴科,0
2018,7,A,A2,,2,大白鷺,水域,鷺科,0
2018,7,A,A2,,1,小燕鷗,天空,鷗科,II
2018,7,A,A2,,1,棕沙燕,天空,燕科,0
2018,7,F,F1,,4,小鸊鷉,水域,鸊鷉科,0
2018,7,F,F1,,1,小白鷺,岸邊,鷺科,0
2018,7,F,F1,,2,小白鷺,水域,鷺科,0
2018,7,F,F1,,2,高蹺鴴,水域,長腳鷸科,0
2018,7,F,F1,,1,褐頭鷦鶯,草叢,扇尾鶯科,0
2018,7,F,F1,,1,翠鳥,水域,翠鳥科,0
2018,7,F,F1,,1,紅冠水雞,水域,秧雞科,0
2018,7,B,B,,2,麻雀,樹上,麻雀科,0
2018,7,B,B,,1,小環頸鴴,岸邊,鴴科,0
2018,7,B,B,,5,小白鷺,水域,鷺科,0
2018,7,B,B,,3,高蹺鴴,水域,長腳鷸科,0
2018,7,B,B,,1,高蹺鴴,岸邊,長腳鷸科,0
2018,7,B,B,,1,中白鷺,水域,鷺科,0
2018,7,B,B,,2,夜鷺,水域,鷺科,0
2018,7,B,B,,2,埃及聖䴉,水域,䴉科,0
2018,7,B,B,,2,小燕鷗,岸邊,鷗科,II
2018,7,B,B,,2,白尾八哥,人工棲地,八哥科,0
2018,7,B,B,,2,大白鷺,岸邊,鷺科,0
2018,7,B,B,,2,黑腹燕鷗,天空,鷗科,0
2018,7,C,C,,1,高蹺鴴,岸邊,長腳鷸科,0
2018,7,C,C,,7,高蹺鴴,水域,長腳鷸科,0
2018,7,C,C,,2,黃頭鷺,草叢,鷺科,0
2018,7,C,C,,1,黃頭鷺,岸邊,鷺科,0
2018,7,C,C,,4,小白鷺,水域,鷺科,0
2018,7,C,C,,1,中白鷺,水域,鷺科,0
2018,7,D,D3,,3,小鸊鷉,水域,鸊鷉科,0
2018,7,D,D3,,1,大白鷺,水域,鷺科,0
2018,7,D,D3,,2,黑腹燕鷗,水域,鷗科,0
2018,7,D,D3,,2,高蹺鴴,水域,長腳鷸科,0
2018,7,D,D3,,6,小燕鷗,岸邊,鷗科,II
2018,7,E,E2,,2,小白鷺,岸邊,鷺科,0
2018,7,E,E2,,2,小白鷺,水域,鷺科,0
2018,7,E,E2,,3,高蹺鴴,水域,長腳鷸科,0
2018,7,E,E2,,3,黃頭鷺,草叢,鷺科,0
2018,7,E,E2,,3,夜鷺,水域,鷺科,0
2018,6,A,A1,,13,大白鷺,灘地,鷺科,0
2018,6,A,A1,,3,高蹺鴴,灘地,長腳鷸科,0
2018,6,A,A1,,1,反嘴鴴,灘地,長腳鷸科,0
2018,6,A,A1,,1,小白鷺,灘地,鷺科,0
2018,6,A,A1,,2,東方環頸鴴,灘地,鴴科,0
2018,6,A,A1,,1,翠鳥,河道,翠鳥科,0
2018,6,D,D2,,1,埃及聖䴉,灘地,䴉科,0
2018,6,D,D2,,40,高蹺鴴,灘地,長腳鷸科,0
2018,6,D,D2,,25,高蹺鴴,水域,長腳鷸科,0
2018,6,D,D2,,30,反嘴鴴,灘地,長腳鷸科,0
2018,6,D,D2,,236,反嘴鴴,水域,長腳鷸科,0
2018,6,D,D2,,20,黑腹燕鷗,天空,鷗科,0
2018,6,D,D2,,20,黑腹燕鷗,灘地,鷗科,0
2018,6,D,D2,,2,白翅黑燕鷗,灘地,鷗科,0
2018,6,D,D2,,50,東方環頸鴴,灘地,鴴科,0
2018,6,D,D2,,7,東方環頸鴴,水域,鴴科,0
2018,6,D,D2,,1,小白鷺,草叢,鷺科,0
2018,6,D,D2,,1,大白鷺,草叢,鷺科,0
2018,6,D,D2,,9,夜鷺,河道,鷺科,0
2018,6,D,D2,,3,叉尾雨燕,天空,雨燕科,0
2018,6,D,D2,,1,長趾濱鷸,河道,鷸科,0
2018,6,D,D2,,1,裏海燕鷗,天空,鷗科,0
2018,6,E,E1,,1,東方環頸鴴,河道,鴴科,0
2018,6,E,E1,,1,灰頭鷦鶯,河道,扇尾鶯科,0
2018,6,E,E1,,8,高蹺鴴,灘地,長腳鷸科,0
2018,6,E,E1,,12,東方環頸鴴,灘地,鴴科,0
2018,6,E,E2,,2,珠頸斑鳩,灘地,鳩鴿科,0
2018,6,E,E2,,10,高蹺鴴,灘地,長腳鷸科,0
2018,6,E,E2,,2,東方環頸鴴,灘地,鴴科,0
2018,6,D,D1,,8,黑尾鷸,水域,鷸科,III
2018,6,D,D1,,1,大白鷺,水域,鷺科,0
2018,6,D,D1,,1,小白鷺,水域,鷺科,0
2018,6,D,D1,,18,反嘴鴴,水域,長腳鷸科,0
2018,6,D,D1,,4,高蹺鴴,水域,長腳鷸科,0
2018,6,D,D1,,4,黑腹燕鷗,水域,鷗科,0
2018,6,D,D1,,10,黑腹燕鷗,灘地,鷗科,0
2018,6,D,D1,,10,東方環頸鴴,灘地,鴴科,0
2018,6,D,D1,,2,白頭翁,河道,鵯科,0
2018,6,D,D1,,2,灰頭鷦鶯,河道,扇尾鶯科,0
2018,6,F,F2,,1,灰頭鷦鶯,草叢,扇尾鶯科,0
2018,6,F,F2,,2,高蹺鴴,灘地,長腳鷸科,0
2018,6,F,F2,,1,東方環頸鴴,灘地,鴴科,0
2018,6,F,F2,,2,高蹺鴴,灘地,長腳鷸科,0
2018,6,F,F2,,1,白翅黑燕鷗,灘地,鷗科,0
2018,6,B,B,,5,高蹺鴴,灘地,長腳鷸科,0
2018,6,B,B,,6,東方環頸鴴,灘地,鴴科,0
2018,6,B,B,,1,灰頭鷦鶯,草叢,扇尾鶯科,0
2018,6,B,B,,4,高蹺鴴,灘地,長腳鷸科,0
2018,6,B,B,,10,麻雀,灘地,麻雀科,0
2018,6,A,A2,,4,東方環頸鴴,灘地,鴴科,0
2018,6,A,A2,,1,翠鳥,水域,翠鳥科,0
2018,5,D,D1,,1,白翅黑燕鷗,灘地,鷗科,0
2018,5,D,D1,,53,黑腹燕鷗,灘地,鷗科,0
2018,5,D,D1,,7,東方環頸鴴,灘地,鴴科,0
2018,5,D,D1,,5,高蹺鴴,灘地,長腳鷸科,0
2018,5,D,D1,,8,紅胸濱鷸,灘地,鷸科,0
2018,5,D,D1,,1,紅領瓣足鷸,灘地,鷸科,0
2018,5,D,D1,,2,反嘴鴴,灘地,長腳鷸科,0
2018,5,D,D1,,8,裏海燕鷗,灘地,鷗科,0
2018,5,D,D1,,6,小燕鷗,灘地,鷗科,II
2018,5,D,D1,,1,翻石鷸,灘地,鷸科,0
2018,5,D,D1,,6,大白鷺,草叢,鷺科,0
2018,5,D,D1,,1,小白鷺,草叢,鷺科,0
2018,5,D,D1,,1,黃頭鷺,草叢,鷺科,0
2018,5,D,D1,,1,褐頭鷦鶯,草叢,扇尾鶯科,0
2018,5,D,D1,,5,青足鷸,水域,鷸科,0
2018,5,D,D1,,8,高蹺鴴,水域,長腳鷸科,0
2018,5,D,D1,,9,彎嘴濱鷸,水域,鷸科,0
2018,5,D,D1,,64,尖尾濱鷸,水域,鷸科,0
2018,5,D,D1,,3,黑尾鷸,水域,鷸科,III
2018,5,D,D1,,1,大白鷺,水域,鷺科,0
2018,5,D,D1,,2,反嘴鴴,水域,長腳鷸科,0
2018,5,D,D2,,1,小白鷺,水域,鷺科,0
2018,5,D,D2,,8,高蹺鴴,水域,長腳鷸科,0
2018,5,D,D2,,10,青足鷸,水域,鷸科,0
2018,5,D,D2,,16,黃頭鷺,水域,鷺科,0
2018,5,D,D2,,135,尖尾濱鷸,水域,鷸科,0
2018,5,D,D2,,1,鶴鷸,水域,鷸科,0
2018,5,D,D2,,2,蒙古鴴,水域,鴴科,0
2018,5,D,D2,,2,東方環頸鴴,水域,鴴科,0
2018,5,D,D2,,49,白翅黑燕鷗,水域,鷗科,0
2018,5,D,D2,,816,黑腹燕鷗,水域,鷗科,0
2018,5,D,D2,,3,大白鷺,水域,鷺科,0
2018,5,D,D2,,3,太平洋金斑鴴,水域,鴴科,0
2018,5,D,D2,,13,裏海燕鷗,水域,鷗科,0
2018,5,D,D2,,1,彎嘴濱鷸,水域,鷸科,0
2018,5,D,D2,,1,小青足鷸,水域,鷸科,0
2018,5,D,D2,,1,翻石鷸,水域,鷸科,0
2018,5,D,D2,,28,反嘴鴴,水域,長腳鷸科,0
2018,5,D,D2,,3,黑尾鷸,水域,鷸科,III
2018,5,D,D2,,3,寬嘴鷸,水域,鷸科,0
2018,5,D,D2,,1,小白鷺,灘地,鷺科,0
2018,5,D,D2,,4,蒙古鴴,灘地,鴴科,0
2018,5,D,D2,,23,尖尾濱鷸,灘地,鷸科,0
2018,5,D,D2,,5,高蹺鴴,灘地,長腳鷸科,0
2018,5,D,D2,,7,黑尾鷸,灘地,鷸科,III
2018,5,D,D2,,1,青足鷸,灘地,鷸科,0
2018,5,E,E1,,6,東方環頸鴴,河道,鴴科,0
2018,5,E,E1,,8,東方環頸鴴,灘地,鴴科,0
2018,5,E,E1,,4,高蹺鴴,灘地,長腳鷸科,0
2018,5,E,E1,,4,小燕鷗,灘地,鷗科,II
2018,5,E,E1,,54,黑腹燕鷗,灘地,鷗科,0
2018,5,E,E1,,2,蒙古鴴,灘地,鴴科,0
2018,5,E,E1,,18,尖尾濱鷸,灘地,鷸科,0
2018,5,E,E2,,12,尖尾濱鷸,水域,鷸科,0
2018,5,E,E2,,3,高蹺鴴,水域,長腳鷸科,0
2018,5,E,E2,,5,東方環頸鴴,水域,鴴科,0
2018,5,E,E2,,4,白翅黑燕鷗,水域,鷗科,0
2018,5,E,E2,,179,黑腹燕鷗,水域,鷗科,0
2018,5,E,E2,,6,小燕鷗,水域,鷗科,II
2018,5,E,E2,,21,大白鷺,水域,鷺科,0
2018,5,E,E2,,1,小白鷺,水域,鷺科,0
2018,5,E,E2,,12,黃頭鷺,草叢,鷺科,0
2018,5,E,E2,,6,大白鷺,草叢,鷺科,0
2018,5,F,F,,4,東方環頸鴴,灘地,鴴科,0
2018,5,F,F,,183,尖尾濱鷸,水域,鷸科,0
2018,5,F,F,,12,蒙古鴴,水域,鴴科,0
2018,5,F,F,,1,中白鷺,草叢,鷺科,0
2018,5,F,F,,1,小白鷺,水域,鷺科,0
2018,5,F,F,,1,紅鳩,草叢,鳩鴿科,0
2018,5,F,F,,9,黑腹燕鷗,灘地,鷗科,0
2018,5,F,F,,1,褐頭鷦鶯,草叢,扇尾鶯科,0
2018,5,B,B,,2,東方環頸鴴,灘地,鴴科,0
2018,5,B,B,,1,翠鳥,河道,翠鳥科,0
2018,5,A,A1,,1,高蹺鴴,水域,長腳鷸科,0
2018,5,A,A1,,2,小白鷺,水域,鷺科,0
2018,5,A,A1,,1,東方環頸鴴,水域,鴴科,0
2018,5,A,A1,,6,大白鷺,水域,鷺科,0
2018,5,A,A1,,1,尖尾濱鷸,水域,鷸科,0
2018,5,A,A1,,1,埃及聖䴉,水域,䴉科,0
2018,5,A,A2,,6,東方環頸鴴,灘地,鴴科,0
2018,4,A,A,,20,反嘴鴴,水域,長腳鷸科,0
2018,4,A,A,,20,反嘴鴴,岸邊,長腳鷸科,0
2018,4,A,A,,4,高蹺鴴,草叢,長腳鷸科,0
2018,4,A,A,,4,小白鷺,草叢,鷺科,0
2018,4,A,A,,3,小白鷺,岸邊,鷺科,0
2018,4,A,A,,1,黑腹燕鷗,天空,鷗科,0
2018,4,A,A,,4,埃及聖䴉,草叢,䴉科,0
2018,4,A,A,,3,埃及聖䴉,岸邊,䴉科,0
2018,4,A,A,,1,翠鳥,人工棲地,翠鳥科,0
2018,4,A,A,,3,大白鷺,草叢,鷺科,0
2018,4,A,A,,3,黃頭鷺,岸邊,鷺科,0
2018,4,A,A,,1,黑面琵鷺,草叢,䴉科,I
2018,4,A,A,,10,東方環頸鴴,灘地,鴴科,0
2018,4,A,A,,6,東方環頸鴴,草叢,鴴科,0
2018,4,A,A,,39,紅胸濱鷸,灘地,鷸科,0
2018,4,A,A,,20,紅胸濱鷸,岸邊,鷸科,0
2018,4,A,A,,2,小燕鷗,天空,鷗科,II
2018,4,A,A,,2,蒙古鴴,灘地,鴴科,0
2018,4,A,A,,1,彎嘴濱鷸,灘地,鷸科,0
2018,4,A,A,,1,尖尾濱鷸,岸邊,鷸科,0
2018,4,B,B,,57,紅胸濱鷸,灘地,鷸科,0
2018,4,B,B,,6,蒙古鴴,岸邊,鴴科,0
2018,4,B,B,,1,東方環頸鴴,岸邊,鴴科,0
2018,4,B,B,,2,青足鷸,岸邊,鷸科,0
2018,4,B,B,,4,高蹺鴴,水域,長腳鷸科,0
2018,4,C,C,,200,紅胸濱鷸,灘地,鷸科,0
2018,4,C,C,,33,紅胸濱鷸,岸邊,鷸科,0
2018,4,C,C,,47,尖尾濱鷸,灘地,鷸科,0
2018,4,C,C,,28,彎嘴濱鷸,灘地,鷸科,0
2018,4,C,C,,1,小青足鷸,岸邊,鷸科,0
2018,4,C,C,,7,黃頭鷺,草叢,鷺科,0
2018,4,C,C,,2,東方環頸鴴,灘地,鴴科,0
2018,4,C,C,,17,彎嘴濱鷸,灘地,鷸科,0
2018,4,D,D,,9,彎嘴濱鷸,岸邊,鷸科,0
2018,4,D,D,,1,鷹斑鷸,岸邊,鷸科,0
2018,4,D,D,,1,小青足鷸,岸邊,鷸科,0
2018,4,D,D,,20,高蹺鴴,水域,長腳鷸科,0
2018,4,D,D,,8,高蹺鴴,岸邊,長腳鷸科,0
2018,4,D,D,,4,小燕鷗,天空,鷗科,II
2018,4,D,D,,5,大白鷺,草叢,鷺科,0
2018,4,D,D,,2,青足鷸,岸邊,鷸科,0
2018,4,D,D,,1,東方環頸鴴,岸邊,鴴科,0
2018,4,E,E,,129,紅胸濱鷸,岸邊,鷸科,0
2018,4,E,E,,200,紅胸濱鷸,灘地,鷸科,0
2018,4,E,E,,190,蒙古鴴,灘地,鴴科,0
2018,4,E,E,,22,彎嘴濱鷸,灘地,鷸科,0
2018,4,E,E,,20,小燕鷗,灘地,鷗科,II
2018,4,E,E,,14,青足鷸,岸邊,鷸科,0
2018,4,E,E,,10,青足鷸,岸邊,鷸科,0
2018,4,E,E,,15,彎嘴濱鷸,灘地,鷸科,0
2018,4,E,E,,16,太平洋金斑鴴,草叢,鴴科,0
2018,4,E,E,,10,高蹺鴴,草叢,長腳鷸科,0
2018,4,E,E,,5,高蹺鴴,岸邊,長腳鷸科,0
2018,4,E,E,,8,小青足鷸,岸邊,鷸科,0
2018,4,E,E,,12,裏海燕鷗,灘地,鷗科,0
2018,4,E,E,,1,翻石鷸,草叢,鷸科,0
2018,4,F,F,,14,尖尾濱鷸,岸邊,鷸科,0
2018,4,F,F,,11,彎嘴濱鷸,岸邊,鷸科,0
2018,4,F,F,,6,小青足鷸,岸邊,鷸科,0
2018,4,F,F,,1,太平洋金斑鴴,草叢,鴴科,0
2018,4,F,F,,3,紅冠水雞,水域,秧雞科,0
2018,4,F,F,,17,彎嘴濱鷸,灘地,鷸科,0
2018,4,F,F,,15,紅胸濱鷸,灘地,鷸科,0
2018,4,F,F,,1,蒙古鴴,灘地,鴴科,0
2018,4,F,F,,19,高蹺鴴,岸邊,長腳鷸科,0
2018,4,F,F,,1,反嘴鴴,水域,長腳鷸科,0
2018,4,F,F,,21,青足鷸,岸邊,鷸科,0
2018,4,F,F,,2,鷹斑鷸,岸邊,鷸科,0
2018,4,F,F,,2,小燕鷗,灘地,鷗科,II
2018,12,C,C,greg,1,大白鷺,草叢,鷺科,0
2018,12,C,C,ece,2,黃頭鷺,草叢,鷺科,0
2018,12,B,B,lieg,2,小白鷺,岸邊,鷺科,0
2018,12,B,B,lieg,1,小白鷺,水域,鷺科,0
2018,12,B,B,lieg,1,小白鷺,水域,鷺科,0
2018,12,B,B,gwt,10,小水鴨,水域,雁鴨科,0
2018,12,B,B,garg,2,白眉鴨,水域,雁鴨科,0
2018,12,B,B,nopi,20,尖尾鴨,水域,雁鴨科,0
2018,12,B,B,nosh,5,琵嘴鴨,水域,雁鴨科,0
2018,12,B,B,masa,22,小青足鷸,水域,鷸科,0
2018,12,B,B,cosa,15,磯鷸,水域,鷸科,0
2018,12,B,B,cosa,10,磯鷸,草叢,鷸科,0
2018,12,B,B,ece,2,黃頭鷺,草叢,鷺科,0
2018,12,B,B,saib,2,埃及聖䴉,水域,䴉科,0
2018,12,B,B,jamy,2,白尾八哥,天空,八哥科,0
2018,12,B,B,grhe,15,蒼鷺,岸邊,鷺科,0
2018,12,B,B,piav,1,反嘴鴴,水域,長腳鷸科,0
2018,12,A,A1,saib,5,埃及聖䴉,岸邊,䴉科,0
2018,12,A,A1,nosh,200,琵嘴鴨,水域,雁鴨科,0
2018,12,A,A1,nosh,15,琵嘴鴨,岸邊,雁鴨科,0
2018,12,A,A1,nopi,50,尖尾鴨,水域,雁鴨科,0
2018,12,A,A1,nopi,5,尖尾鴨,岸邊,雁鴨科,0
2018,12,A,A1,euwi,25,赤頸鴨,水域,雁鴨科,0
2018,12,A,A1,gwt,15,小水鴨,水域,雁鴨科,0
2018,12,A,A1,gwt,5,小水鴨,草叢,雁鴨科,0
2018,12,A,A1,ece,30,黃頭鷺,岸邊,鷺科,0
2018,12,A,A1,grhe,5,蒼鷺,岸邊,鷺科,0
2018,12,A,A1,greg,6,大白鷺,水域,鷺科,0
2018,12,A,A2,nosh,300,琵嘴鴨,水域,雁鴨科,0
2018,12,A,A2,nosh,100,琵嘴鴨,岸邊,雁鴨科,0
2018,12,A,A2,nopi,75,尖尾鴨,水域,雁鴨科,0
2018,12,A,A2,nopi,25,尖尾鴨,岸邊,雁鴨科,0
2018,12,A,A2,euwi,25,赤頸鴨,水域,雁鴨科,0
2018,12,A,A2,euwi,50,赤頸鴨,岸邊,雁鴨科,0
2018,12,A,A2,gwt,15,小水鴨,水域,雁鴨科,0
2018,12,A,A2,gwt,10,小水鴨,岸邊,雁鴨科,0
2018,12,A,A2,ece,10,黃頭鷺,岸邊,鷺科,0
2018,12,A,A2,grhe,4,蒼鷺,岸邊,鷺科,0
2018,12,A,A2,greg,10,大白鷺,岸邊,鷺科,0
2018,12,E,E2,bcnh,100,夜鷺,水域,鷺科,0
2018,12,E,E2,grhe,10,蒼鷺,水域,鷺科,0
2018,12,E,E2,grhe,10,蒼鷺,岸邊,鷺科,0
2018,12,E,E2,ece,30,黃頭鷺,岸邊,鷺科,0
2018,12,E,E2,greg,40,大白鷺,水域,鷺科,0
2018,12,E,E2,greg,20,大白鷺,岸邊,鷺科,0
2018,12,E,E1,kepl,150,東方環頸鴴,水域,鴴科,0
2018,12,E,E1,grhe,25,蒼鷺,岸邊,鷺科,0
2018,12,D,D2,kepl,50,東方環頸鴴,水域,鴴科,0
2018,12,D,D2,grhe,75,蒼鷺,水域,鷺科,0
2018,12,D,D2,grhe,25,蒼鷺,岸邊,鷺科,0
2018,12,D,D1,greg,15,大白鷺,水域,鷺科,0
2018,12,D,D1,greg,10,大白鷺,岸邊,鷺科,0
2018,12,D,D2,greg,4,大白鷺,水域,鷺科,0
2018,12,D,D2,greg,2,大白鷺,岸邊,鷺科,0
2018,12,D,D1,coki,1,翠鳥,草叢,翠鳥科,0
2018,12,A,A1,plpr,1,灰頭鷦鶯,草叢,扇尾鶯科,0
2018,12,A,A2,bfs,4,黑面琵鷺,草叢,䴉科,I
2018,12,A,A1,cate,1,裏海燕鷗,天空,鷗科,0
2019,1,A,A1,lieg,2,小白鷺,岸邊,鷺科,0
2019,1,A,A1,lieg,2,小白鷺,草叢,鷺科,0
2019,1,A,A1,greg,10,大白鷺,岸邊,鷺科,0
2019,1,A,A1,greg,5,大白鷺,草叢,鷺科,0
2019,1,A,A1,ineg,2,中白鷺,岸邊,鷺科,0
2019,1,A,A1,grhe,3,蒼鷺,岸邊,鷺科,0
2019,1,A,A1,grhe,1,蒼鷺,草叢,鷺科,0
2019,1,A,A1,nopi,22,尖尾鴨,水域,雁鴨科,0
2019,1,A,A1,nopi,8,尖尾鴨,岸邊,雁鴨科,0
2019,1,A,A1,nosh,2,琵嘴鴨,岸邊,雁鴨科,0
2019,1,A,A1,euwi,46,赤頸鴨,水域,雁鴨科,0
2019,1,A,A1,euwi,40,赤頸鴨,岸邊,雁鴨科,0
2019,1,A,A1,gwt,6,小水鴨,水域,雁鴨科,0
2019,1,A,A1,gwt,8,小水鴨,水域,雁鴨科,0
2019,1,A,A1,grco,2,鸕鷀,水域,鸕鷀科,0
2019,1,A,A1,cate,3,裏海燕鷗,水域,鷗科,0
2019,1,A,A1,coki,2,翠鳥,岸邊,翠鳥科,0
2019,1,A,A1,plpr,2,灰頭鷦鶯,水域,扇尾鶯科,0
2019,1,A,A1,ets,10,麻雀,人工棲地,麻雀科,0
2019,1,A,A2,lieg,3,小白鷺,岸邊,鷺科,0
2019,1,A,A2,greg,10,大白鷺,岸邊,鷺科,0
2019,1,A,A2,greg,3,大白鷺,草叢,鷺科,0
2019,1,A,A2,nopi,2,尖尾鴨,岸邊,雁鴨科,0
2019,1,A,A2,nosh,24,琵嘴鴨,岸邊,雁鴨科,0
2019,1,A,A2,nosh,10,琵嘴鴨,水域,雁鴨科,0
2019,1,A,A2,grhe,4,蒼鷺,岸邊,鷺科,0
2019,1,A,A2,grhe,1,蒼鷺,草叢,鷺科,0
2019,1,A,A2,piav,2,反嘴鴴,岸邊,長腳鷸科,0
2019,1,B,B,greg,2,大白鷺,草叢,鷺科,0
2019,2,A,A1,bfs,2,黑面琵鷺,草叢,䴉科,I
2019,2,A,A1,bfs,14,黑面琵鷺,岸邊,䴉科,I
2019,2,A,A1,grhe,2,蒼鷺,岸邊,鷺科,0
2019,2,A,A1,grhe,2,蒼鷺,草叢,鷺科,0
2019,2,A,A1,lieg,9,小白鷺,岸邊,鷺科,0
2019,2,A,A1,lieg,3,小白鷺,草叢,鷺科,0
2019,2,A,A1,greg,200,大白鷺,水域,鷺科,0
2019,2,A,A1,greg,20,大白鷺,岸邊,鷺科,0
2019,2,A,A1,greg,5,大白鷺,草叢,鷺科,0
2019,2,A,A1,ineg,5,中白鷺,岸邊,鷺科,0
2019,2,A,A1,saib,3,埃及聖䴉,岸邊,䴉科,0
2019,2,A,A1,coki,1,翠鳥,岸邊,翠鳥科,0
2019,2,A,A1,bhg,23,紅嘴鷗,水域,鷗科,0
2019,2,A,A1,nosh,60,琵嘴鴨,水域,雁鴨科,0
2019,2,A,A1,nosh,3,琵嘴鴨,草叢,雁鴨科,0
2019,2,A,A1,nosh,26,琵嘴鴨,岸邊,雁鴨科,0
2019,2,A,A1,nopi,8,尖尾鴨,草叢,雁鴨科,0
2019,2,A,A1,nopi,5,尖尾鴨,水域,雁鴨科,0
2019,2,A,A1,euwi,13,赤頸鴨,水域,雁鴨科,0
2019,2,A,A1,cate,6,裏海燕鷗,天空,鷗科,0
2019,2,A,A1,basw,20,家燕,天空,燕科,0
2019,2,A,A1,paswa,15,洋燕,天空,燕科,0
2019,2,A,A2,lite,1,小燕鷗,岸邊,鷗科,II
2019,2,A,A2,nosh,50,琵嘴鴨,水域,雁鴨科,0
2019,2,A,A2,nosh,12,琵嘴鴨,草叢,雁鴨科,0
2019,2,A,A2,euwi,6,赤頸鴨,岸邊,雁鴨科,0
2019,2,A,A2,euwi,3,赤頸鴨,草叢,雁鴨科,0
2019,2,A,A2,piav,2,反嘴鴴,岸邊,長腳鷸科,0
2019,2,A,A2,saib,2,埃及聖䴉,岸邊,䴉科,0
2019,2,A,A2,bfs,2,黑面琵鷺,岸邊,䴉科,I
2019,2,A,A2,lieg,8,小白鷺,岸邊,鷺科,0
2019,2,A,A2,greg,4,大白鷺,岸邊,鷺科,0
2019,2,A,A2,kepl,12,東方環頸鴴,草叢,鴴科,0
2019,2,A,A2,kepl,238,東方環頸鴴,岸邊,鴴科,0
2019,2,A,A2,dunl,260,黑腹濱鷸,岸邊,鷸科,0
2019,2,A,A2,dunl,27,黑腹濱鷸,草叢,鷸科,0
2019,2,A,A2,masa,20,小青足鷸,草叢,鷸科,0
2019,2,A,A2,masa,80,小青足鷸,岸邊,鷸科,0
2019,2,A,A2,cogr,6,青足鷸,岸邊,鷸科,0
2019,2,A,A2,ets,30,麻雀,人工棲地,麻雀科,0
2019,2,A,A2,basw,15,家燕,天空,燕科,0
2019,2,A,A2,paswa,5,洋燕,天空,燕科,0
2019,2,B,B,zici,1,棕扇尾鶯,草叢,扇尾鶯科,0
2019,2,B,B,basw,6,家燕,天空,燕科,0
2019,3,A,A1,ets,30,麻雀,人工棲地,麻雀科,0
2019,3,A,A1,coki,2,翠鳥,岸邊,翠鳥科,0
2019,3,A,A1,jamy,2,白尾八哥,人工棲地,八哥科,0
2019,3,A,A1,ligr,2,小鸊鷉,水域,鸊鷉科,0
2019,3,A,A1,ineg,1,中白鷺,岸邊,鷺科,0
2019,3,A,A1,greg,1,大白鷺,岸邊,鷺科,0
2019,3,A,A1,nosh,1,琵嘴鴨,岸邊,雁鴨科,0
2019,3,A,A1,nosh,5,琵嘴鴨,水域,雁鴨科,0
2019,3,A,A1,nosh,20,琵嘴鴨,草叢,雁鴨科,0
2019,3,A,A1,euwi,4,赤頸鴨,岸邊,雁鴨科,0
2019,3,A,A1,euwi,2,赤頸鴨,草叢,雁鴨科,0
2019,3,A,A1,bws,6,高蹺鴴,草叢,長腳鷸科,0
2019,3,A,A2,euwi,10,赤頸鴨,水域,雁鴨科,0
2019,3,A,A2,nosh,6,琵嘴鴨,草叢,雁鴨科,0
2019,3,A,A2,nosh,10,琵嘴鴨,岸邊,雁鴨科,0
2019,3,A,A2,nosh,12,琵嘴鴨,水域,雁鴨科,0
2019,3,A,A2,piav,5,反嘴鴴,草叢,長腳鷸科,0
2019,3,A,A2,piav,6,反嘴鴴,水域,長腳鷸科,0
2019,3,A,A2,lite,1,小燕鷗,岸邊,鷗科,II
2019,3,A,A2,lite,2,小燕鷗,水域,鷗科,II
2019,3,A,A2,gwt,1,小水鴨,岸邊,雁鴨科,0
2019,3,A,A2,kepl,15,東方環頸鴴,岸邊,鴴科,0
2019,3,A,A2,cogr,1,青足鷸,草叢,鷸科,0
2019,3,A,A2,bws,2,高蹺鴴,草叢,長腳鷸科,0
2019,3,A,A2,bws,7,高蹺鴴,岸邊,長腳鷸科,0
2019,3,A,A2,greg,2,大白鷺,草叢,鷺科,0
2019,3,A,A2,greg,2,大白鷺,岸邊,鷺科,0
2019,3,A,A2,zici,1,棕扇尾鶯,草叢,扇尾鶯科,0
2019,3,B,B,coki,2,翠鳥,岸邊,翠鳥科,0
2019,3,B,B,kepl,10,東方環頸鴴,岸邊,鴴科,0
2019,5,A,A1,ineg,1,中白鷺,岸邊,鷺科,0
2019,5,A,A1,greg,1,大白鷺,草叢,鷺科,0
2019,5,A,A1,lieg,1,小白鷺,岸邊,鷺科,0
2019,5,A,A1,saib,1,埃及聖䴉,岸邊,䴉科,0
2019,5,A,A1,bws,5,高蹺鴴,岸邊,長腳鷸科,0
2019,5,A,A1,bws,2,高蹺鴴,灘地,長腳鷸科,0
2019,5,A,A1,whte,4,黑腹燕鷗,灘地,鷗科,0
2019,5,A,A1,cate,1,裏海燕鷗,天空,鷗科,0
2019,5,A,A1,coki,1,翠鳥,河道,翠鳥科,0
2019,5,A,A1,ets,20,麻雀,人工棲地,麻雀科,0
2019,5,A,A1,jamy,1,白尾八哥,人工棲地,八哥科,0
2019,5,A,A1,kepl,5,東方環頸鴴,灘地,鴴科,0
2019,5,A,A1,lite,2,小燕鷗,灘地,鷗科,II
2019,5,A,A1,cibi,1,栗小鷺,草叢,鷺科,0
2019,5,A,A2,ineg,1,中白鷺,草叢,鷺科,0
2019,5,A,A2,lieg,1,小白鷺,岸邊,鷺科,0
2019,5,A,A2,saib,1,埃及聖䴉,草叢,䴉科,0
2019,5,A,A2,bws,10,高蹺鴴,岸邊,長腳鷸科,0
2019,5,A,A2,bws,5,高蹺鴴,灘地,長腳鷸科,0
2019,5,A,A2,whte,30,黑腹燕鷗,灘地,鷗科,0
2019,5,A,A2,ets,5,麻雀,人工棲地,麻雀科,0
2019,5,A,A2,kepl,5,東方環頸鴴,灘地,鴴科,0
2019,5,A,A2,lite,2,小燕鷗,灘地,鷗科,II
2019,5,A,A2,piav,7,反嘴鴴,水域,長腳鷸科,0
2019,5,A,A2,cibi,1,栗小鷺,岸邊,鷺科,0
2019,5,A,A2,rns,12,紅胸濱鷸,灘地,鷸科,0
2019,5,B,B,bws,4,高蹺鴴,岸邊,長腳鷸科,0
2019,5,B,B,kepl,25,東方環頸鴴,灘地,鴴科,0
2019,5,B,B,piav,2,反嘴鴴,水域,長腳鷸科,0
2019,5,B,B,lite,30,小燕鷗,灘地,鷗科,II
2019,4,A,A2,sts,24,尖尾濱鷸,灘地,鷸科,0
2019,4,A,A2,lsp,15,蒙古鴴,灘地,鴴科,0
2019,4,A,A2,cosa,23,磯鷸,灘地,鷸科,0
2019,4,A,A2,btg,2,黑尾鷸,灘地,鷸科,III
2019,4,A,A2,core,1,赤足鷸,灘地,鷸科,0
2019,4,A,A2,rns,5,紅胸濱鷸,灘地,鷸科,0
2019,4,A,A2,whte,8,黑腹燕鷗,灘地,鷗科,0
2019,4,A,A2,whte,6,黑腹燕鷗,草叢,鷗科,0
2019,4,A,A2,lite,6,小燕鷗,灘地,鷗科,II
2019,4,A,A2,lite,2,小燕鷗,天空,鷗科,II
2019,4,A,A2,bws,1,高蹺鴴,灘地,長腳鷸科,0
2019,4,A,A2,bws,2,高蹺鴴,草叢,長腳鷸科,0
2019,4,A,A2,bfs,16,黑面琵鷺,灘地,䴉科,I
2019,4,A,A2,cogr,9,青足鷸,灘地,鷸科,0
2019,4,A,A2,masa,1,小青足鷸,灘地,鷸科,0
2019,4,A,A2,lieg,6,小白鷺,灘地,鷺科,0
2019,4,A,A2,lieg,3,小白鷺,草叢,鷺科,0
2019,4,A,A2,greg,3,大白鷺,岸邊,鷺科,0
2019,4,A,A2,kepl,1,東方環頸鴴,灘地,鴴科,0
2019,4,A,A2,kepl,2,東方環頸鴴,草叢,鴴科,0
2019,4,A,A2,jamy,1,白尾八哥,草叢,八哥科,0
2019,4,A,A2,ets,3,麻雀,草叢,麻雀科,0
2019,4,A,A1,ligr,1,小鸊鷉,水域,鸊鷉科,0
2019,4,A,A1,ineg,1,中白鷺,岸邊,鷺科,0
2019,4,A,A1,lieg,2,小白鷺,灘地,鷺科,0
2019,4,A,A1,lieg,2,小白鷺,草叢,鷺科,0
2019,4,A,A1,greg,1,大白鷺,灘地,鷺科,0
2019,5,A,A1,lieg,3,小白鷺,草叢,鷺科,0
2019,5,A,A1,lieg,2,小白鷺,岸邊,鷺科,0
2019,5,A,A1,whte,1,黑腹燕鷗,水域,鷗科,0
2019,5,A,A1,bws,4,高蹺鴴,岸邊,長腳鷸科,0
2019,5,A,A1,bws,3,高蹺鴴,水域,長腳鷸科,0
2019,5,A,A1,bws,2,高蹺鴴,草叢,長腳鷸科,0
2019,5,A,A1,piav,1,反嘴鴴,水域,長腳鷸科,0
2019,5,B,B,piav,2,反嘴鴴,水域,長腳鷸科,0
2019,5,B,B,whte,55,黑腹燕鷗,灘地,鷗科,0
2019,5,B,B,lieg,2,小白鷺,岸邊,鷺科,0
2019,5,B,B,greg,2,大白鷺,岸邊,鷺科,0
2019,5,B,B,greg,3,大白鷺,草叢,鷺科,0
2019,5,B,B,lieg,2,小白鷺,草叢,鷺科,0
2019,5,B,B,lite,12,小燕鷗,灘地,鷗科,II
2019,5,A,A2,ligr,1,小鸊鷉,水域,鸊鷉科,0
2019,5,A,A2,lieg,3,小白鷺,岸邊,鷺科,0
2019,5,A,A2,lieg,2,小白鷺,草叢,鷺科,0
2019,5,A,A2,greg,1,大白鷺,草叢,鷺科,0
2019,5,A,A2,greg,2,大白鷺,岸邊,鷺科,0
2019,5,A,A2,bcnh,1,夜鷺,草叢,鷺科,0
2019,5,A,A2,cibi,1,栗小鷺,草叢,鷺科,0
2019,5,A,A1,ets,10,麻雀,人工棲地,麻雀科,0
2019,5,A,A1,coki,1,翠鳥,人工棲地,翠鳥科,0
2019,5,A,A2,kepl,2,東方環頸鴴,灘地,鴴科,0
2019,5,B,B,kepl,5,東方環頸鴴,灘地,鴴科,0
2019,5,B,B,whte,8,黑腹燕鷗,水域,鷗科,0
2019,5,A,A1,bws,1,高蹺鴴,水域,長腳鷸科,0
2019,5,A,A2,bws,1,高蹺鴴,水域,長腳鷸科,0
2019,5,B,B,bws,2,高蹺鴴,水域,長腳鷸科,0
2019,6,A,A1,lieg,5,小白鷺,草叢,鷺科,0
2019,6,A,A1,lieg,2,小白鷺,岸邊,鷺科,0
2019,6,A,A1,kepl,3,東方環頸鴴,岸邊,鴴科,0
2019,6,A,A1,bws,3,高蹺鴴,水域,長腳鷸科,0
2019,6,A,A2,lite,4,小燕鷗,灘地,鷗科,II
2019,6,A,A2,whte,1,黑腹燕鷗,灘地,鷗科,0
2019,6,A,A2,lieg,3,小白鷺,岸邊,鷺科,0
2019,6,B,B,lieg,1,小白鷺,岸邊,鷺科,0
